{
  "notified": [
    "1stTix|David Goldrake|Sat, 14 Feb '26 8:30 PM",
    "1stTix|David Copperfield|Wed, 11 Feb '26 9:30 PM",
    "1stTix|Pennzoil 400 Pres By Jiffy Lube|Sun, 15 Mar '26 1:00 PM",
    "1stTix|David Copperfield|Sun, 15 Feb '26 7:00 PM",
    "1stTix|Masters of Magic|Sat, 21 Feb '26 6:00 PM",
    "1stTix|X Country|Fri, 13 Feb '26 10:00 PM",
    "1stTix|Jazz Oasis with the Syn-Phonics|Wed, 18 Feb '26 8:00 PM",
    "1stTix|X Country|Sat, 21 Feb '26 10:00 PM",
    "1stTix|Masters of Magic|Sat, 28 Feb '26 5:30 PM",
    "1stTix|Joan Jett & the Blackhearts|Sat, 14 Feb '26 7:30 PM",
    "HouseSeats|ROUGE|February 10th",
    "1stTix|Masters of Magic|Wed, 25 Feb '26 5:30 PM",
    "1stTix|Michael Shannon & Jason Narducy play R.E.M.'s Lifes Rich Pageant|Mon, 16 Feb '26 8:00 PM",
    "1stTix|Henderson Silver Knights - AHL vs Texas Stars|Sat, 21 Mar '26 6:00 PM",
    "1stTix|X Country|Sat, 28 Feb '26 10:00 PM",
    "1stTix|Las Vegas Desert Dogs - NLL vs Rochester Knighthawks|Sun, 15 Mar '26 2:00 PM",
    "1stTix|David Goldrake|Thu, 12 Feb '26 8:30 PM",
    "1stTix|Henderson Silver Knights - AHL vs Ontario Reign|Sun, 8 Mar '26 3:00 PM",
    "1stTix|Criss Angel Mindfreak|Sun, 15 Feb '26 7:00 PM",
    "1stTix|Masters of Magic|Sat, 14 Feb '26 5:30 PM",
    "1stTix|X Country|Mon, 9 Feb '26 10:00 PM",
    "1stTix|Awakening|Tue, 10 Feb '26 9:00 PM",
    "1stTix|X Country|Tue, 10 Feb '26 10:00 PM",
    "1stTix|Lvl Up Expo|Fri, 24 Apr '26",
    "1stTix|David Copperfield|Mon, 9 Feb '26 9:30 PM",
    "1stTix|Tahoe Knight Monsters - ECHL vs Idaho Steelheads|Fri, 20 Feb '26 7:00 PM",
    "1stTix|X Country|Wed, 18 Feb '26 10:00 PM",
    "1stTix|Game 09 - Las Vegas Desert Dogs vs. San Diego Seals|Sat, 18 Apr '26 7:00 PM",
    "1stTix|Piff the Magic Dragon (Las Vegas)|Wed, 11 Feb '26 7:00 PM",
    "1stTix|David Copperfield|Wed, 11 Feb '26 7:00 PM",
    "1stTix|Masters of Magic|Fri, 13 Feb '26 5:30 PM",
    "1stTix|X Country|Mon, 16 Feb '26 10:00 PM",
    "1stTix|Henderson Silver Knights - AHL vs Coachella Valley Firebirds|Wed, 4 Mar '26 7:00 PM",
    "1stTix|Masters of Magic|Fri, 27 Feb '26 5:30 PM",
    "1stTix|Masters of Magic|Thu, 26 Feb '26 5:30 PM",
    "1stTix|Criss Angel Mindfreak|Thu, 12 Feb '26 7:00 PM",
    "1stTix|Henderson Silver Knights - AHL vs Ontario Reign|Wed, 25 Mar '26 7:00 PM",
    "1stTix|Las Vegas Desert Dogs - NLL vs Rochester Knighthawks|Sun, 15 Mar '26 3:00 PM",
    "1stTix|David Goldrake|Mon, 16 Feb '26 8:30 PM",
    "1stTix|X Country|Thu, 26 Feb '26 10:00 PM",
    "1stTix|X Country|Wed, 25 Feb '26 10:00 PM",
    "1stTix|David Copperfield|Thu, 12 Feb '26 9:30 PM",
    "1stTix|X Country|Sat, 14 Feb '26 10:00 PM",
    "1stTix|Vegas Golden Knights - NHL|Sun, 8 Mar '26 6:30 PM",
    "1stTix|Frank Marino\u2019s Divas, Drag & Drinks|Sun, 19 Apr '26 4:00 PM",
    "1stTix|X Country|Thu, 19 Feb '26 10:00 PM",
    "HouseSeats|David Goldrake At The Magicians Room|February 9th",
    "1stTix|Criss Angel Mindfreak|Wed, 11 Feb '26 7:00 PM",
    "1stTix|Masters of Magic|Thu, 12 Feb '26 5:30 PM",
    "1stTix|X Country|Wed, 11 Feb '26 10:00 PM",
    "1stTix|The LiUNA|Sat, 14 Mar '26 2:30 PM",
    "1stTix|Masters of Magic|Sun, 22 Feb '26 5:30 PM",
    "1stTix|David Copperfield|Sat, 14 Feb '26 7:00 PM",
    "1stTix|Criss Angel Mindfreak|Fri, 13 Feb '26 7:00 PM",
    "1stTix|X Country|Mon, 23 Feb '26 10:00 PM",
    "1stTix|Al Jardine And The Pet Sounds Band|Sat, 21 Feb '26 7:30 PM",
    "1stTix|Masters of Magic|Fri, 20 Feb '26 6:00 PM",
    "1stTix|Joan Jett & the Blackhearts|Fri, 20 Feb '26 7:30 PM",
    "1stTix|Piff the Magic Dragon (Las Vegas)|Tue, 10 Feb '26 7:00 PM",
    "1stTix|X Country|Thu, 12 Feb '26 10:00 PM",
    "1stTix|Farrell Dillon Comedy Magician|Sun, 15 Feb '26 4:30 PM",
    "1stTix|Piff the Magic Dragon (Las Vegas)|Thu, 12 Feb '26 7:00 PM",
    "1stTix|Masters of Magic|Wed, 18 Feb '26 5:30 PM",
    "1stTix|Las Vegas Desert Dogs - NLL vs Colorado Mammoth|Fri, 13 Feb '26 7:30 PM",
    "1stTix|Las Vegas Desert Dogs - NLL vs San Diego Seals|Sat, 18 Apr '26 7:00 PM",
    "1stTix|Masters of Magic|Sun, 15 Feb '26 5:30 PM",
    "1stTix|David Goldrake|Fri, 13 Feb '26 8:30 PM",
    "1stTix|David Goldrake|Sun, 15 Feb '26 8:30 PM",
    "1stTix|Las Vegas Desert Dogs - NLL vs Calgary Roughnecks|Sat, 28 Mar '26 7:00 PM",
    "1stTix|Criss Angel Mindfreak|Sat, 14 Feb '26 7:00 PM",
    "1stTix|Henderson Silver Knights - AHL vs Colorado Eagles|Sun, 1 Mar '26 5:00 PM",
    "1stTix|Masters of Magic|Wed, 11 Feb '26 6:00 PM",
    "1stTix|Henderson Silver Knights - AHL vs Colorado Eagles|Sat, 28 Feb '26 6:00 PM",
    "1stTix|Joan Jett & the Blackhearts|Sat, 21 Feb '26 7:30 PM",
    "1stTix|Henderson Silver Knights - AHL vs Texas Stars|Sun, 22 Mar '26 5:00 PM",
    "1stTix|X Country|Fri, 27 Feb '26 10:00 PM",
    "1stTix|Farrell Dillon Comedy Magician|Sat, 14 Feb '26 4:30 PM",
    "1stTix|X Country|Fri, 20 Feb '26 10:00 PM",
    "1stTix|David Copperfield|Thu, 12 Feb '26 7:00 PM",
    "1stTix|Henderson Silver Knights - AHL vs Abbotsford Canucks|Fri, 20 Feb '26 7:00 PM",
    "1stTix|Masters of Magic|Thu, 19 Feb '26 5:30 PM",
    "1stTix|Las Vegas Desert Dogs - NLL vs Vancouver Warriors|Fri, 27 Feb '26 7:30 PM"
  ]
}